driver_id,driver_lat,driver_lng,zone_h3,zone_lat,zone_lng,distance_km,zone_predicted
d40,51.244671676862644,71.3159585126501,872153831ffffff,51.103379700805725,71.40399790972752,16.88177686771813,2006.2260695100028
d57,51.115095240835025,71.39895980942721,872153833ffffff,51.07947908986764,71.40212726277856,3.9685094225074278,1953.7240600643092
d66,51.08298167721796,71.40085646842452,872153815ffffff,51.06651309524671,71.43425954556132,2.9727414032220683,-17.517644591267135
d81,51.089874233621366,71.42374476036818,872153806ffffff,51.0904141566232,71.4361451288263,0.8708632139623199,3506.631974929122
